UC1

mysql> CREATE DATABASE AddressBookDB;
Query OK, 1 row affected (0.01 sec)

mysql> USE AddressBookDB;
Database changed

------------------------------------------------------------------------------------
//UC2
mysql> -- Create AddressBook Table
mysql> CREATE TABLE AddressBook (
    ->     id INT AUTO_INCREMENT PRIMARY KEY,  -- Unique identifier for each record
    ->     first_name VARCHAR(50) NOT NULL,   -- First name of the person
    ->     last_name VARCHAR(50) NOT NULL,    -- Last name of the person
    ->     address VARCHAR(100) NOT NULL,     -- Street address
    ->     city VARCHAR(50) NOT NULL,         -- City
    ->     state VARCHAR(50) NOT NULL,        -- State
    ->     zip VARCHAR(20) NOT NULL,          -- ZIP code
    ->     phone_number VARCHAR(20),          -- Phone number
    ->     email VARCHAR(100) UNIQUE          -- Email address (must be unique)
    -> );
Query OK, 0 rows affected (0.06 sec)

mysql> select * from AddressBook;
Empty set (0.00 sec)


//UC3
mysql> INSERT INTO AddressBook (first_name, last_name, address, city, state, zip, phone_number, email)
    -> VALUES ('Gaurav', 'Dhande', '09 Jay ashtvinayak', 'Dombivli', 'Maharashtra', '421202', '7977139767', 'gpdhande12@gmail.com');
Query OK, 1 row affected (0.00 sec)

mysql> select * from AddressBook;
+----+------------+-----------+--------------------+----------+-------------+--------+--------------+----------------------+
| id | first_name | last_name | address            | city     | state       | zip    | phone_number | email
   |
+----+------------+-----------+--------------------+----------+-------------+--------+--------------+----------------------+
|  1 | Gaurav     | Dhande    | 09 Jay ashtvinayak | Dombivli | Maharashtra | 421202 | 7977139767   | gpdhande12@gmail.com |
+----+------------+-----------+--------------------+----------+-------------+--------+--------------+----------------------+
1 row in set (0.00 sec)

//UC4

 UPDATE AddressBook
    -> SET  phone_number= 9619207573
    -> WHERE first_name='Gaurav';
Query OK, 1 row affected (0.01 sec)
Rows matched: 1  Changed: 1  Warnings: 0

mysql> select * from AddressBook;
+----+------------+-----------+--------------------+----------+-------------+--------+--------------+----------------------+
| id | first_name | last_name | address            | city     | state       | zip    | phone_number | email
   |
+----+------------+-----------+--------------------+----------+-------------+--------+--------------+----------------------+
|  1 | Gaurav     | Dhande    | 09 Jay ashtvinayak | Dombivli | Maharashtra | 421202 | 9619207573   | gpdhande12@gmail.com |
+----+------------+-----------+--------------------+----------+-------------+--------+--------------+----------------------+
1 row in set (0.00 sec)

//UC5

 select * from AddressBook;
+----+------------+-----------+--------------------+----------+-------------+--------+--------------+----------------------+
| id | first_name | last_name | address            | city     | state       | zip    | phone_number | email
   |
+----+------------+-----------+--------------------+----------+-------------+--------+--------------+----------------------+
|  1 | Gaurav     | Dhande    | 09 Jay ashtvinayak | Dombivli | Maharashtra | 421202 | 9619207573   | gpdhande12@gmail.com |
|  2 | Tejas      | Dhande    | 09 Jay ashtvinayak | Dombivli | Maharashtra | 421202 | 9773204383   | tpdhande27@gmail.com |
|  3 | Suraj      | gupta     | 07 omprakash       | kanpur   | UP          | 442298 | 7977139866   | suraj12@gmail.com    |

mysql> DELETE FROM AddressBook
    -> WHERE first_name = 'suraj' AND last_name = 'gupta';
Query OK, 1 row affected (0.01 sec)

mysql>
mysql> select * from AddressBook;
+----+------------+-----------+--------------------+----------+-------------+--------+--------------+----------------------+
| id | first_name | last_name | address            | city     | state       | zip    | phone_number | email
   |
+----+------------+-----------+--------------------+----------+-------------+--------+--------------+----------------------+
|  1 | Gaurav     | Dhande    | 09 Jay ashtvinayak | Dombivli | Maharashtra | 421202 | 9619207573   | gpdhande12@gmail.com |
|  2 | Tejas      | Dhande    | 09 Jay ashtvinayak | Dombivli | Maharashtra | 421202 | 9773204383   | tpdhande27@gmail.com |
+----+------------+-----------+--------------------+----------+-------------+--------+--------------+----------------------+
2 rows in set (0.00 sec)

//UC6

mysql> SELECT *
    -> FROM AddressBook
    -> WHERE city = 'Dombivli' OR state = 'Maharashtra' ;
+----+------------+-----------+--------------------+----------+-------------+--------+--------------+----------------------+
| id | first_name | last_name | address            | city     | state       | zip    | phone_number | email
   |
+----+------------+-----------+--------------------+----------+-------------+--------+--------------+----------------------+
|  1 | Gaurav     | Dhande    | 09 Jay ashtvinayak | Dombivli | Maharashtra | 421202 | 9619207573   | gpdhande12@gmail.com |
|  2 | Tejas      | Dhande    | 09 Jay ashtvinayak | Dombivli | Maharashtra | 421202 | 9773204383   | tpdhande27@gmail.com |
+----+------------+-----------+--------------------+----------+-------------+--------+--------------+----------------------+
2 rows in set (0.00 sec)

//UC7
 SELECT city, state, COUNT(*) AS contact_count
    -> FROM AddressBook
    -> GROUP BY city, state
    -> ORDER BY contact_count DESC;
+----------+-------------+---------------+
| city     | state       | contact_count |
+----------+-------------+---------------+
| Dombivli | Maharashtra |             2 |
+----------+-------------+---------------+
1 row in set (0.00 sec)

//UC8

 SELECT first_name, last_name, address, city, state, zip, phone_number, email
    -> FROM AddressBook
    -> WHERE city = 'Dombivli'
    -> ORDER BY last_name, first_name;
+------------+-----------+--------------------+----------+-------------+--------+--------------+----------------------+
| first_name | last_name | address            | city     | state       | zip    | phone_number | email                |
+------------+-----------+--------------------+----------+-------------+--------+--------------+----------------------+
| Gaurav     | Dhande    | 09 Jay ashtvinayak | Dombivli | Maharashtra | 421202 | 9619207573   | gpdhande12@gmail.com |
| Tejas      | Dhande    | 09 Jay ashtvinayak | Dombivli | Maharashtra | 421202 | 9773204383   | tpdhande27@gmail.com |
+------------+-----------+--------------------+----------+-------------+--------+--------------+----------------------+
2 rows in set (0.00 sec)

//UC9 

mysql> ALTER TABLE AddressBook
    -> ADD name VARCHAR(255);
Query OK, 0 rows affected (0.02 sec)
Records: 0  Duplicates: 0  Warnings: 0

mysql> ALTER TABLE AddressBook
    -> ADD type VARCHAR(50);
Query OK, 0 rows affected (0.02 sec)
Records: 0  Duplicates: 0  Warnings: 0

mysql> UPDATE AddressBook
    -> SET name = 'Tejas Dhande',
    ->     type = 'Family'
    -> where first_name ='Tejas';
Query OK, 0 rows affected (0.00 sec)
Rows matched: 1  Changed: 0  Warnings: 0

mysql> UPDATE AddressBook
    -> SET name = 'Gaurav Dhande',
    ->     type = 'Personal'
    -> where first_name ='Gaurav';
Query OK, 1 row affected (0.01 sec)
Rows matched: 1  Changed: 1  Warnings: 0

mysql> UPDATE AddressBook
    -> SET name = 'Rohit Jadhav',
    ->     type = 'Friends'
    -> where first_name ='Rohit';
Query OK, 1 row affected (0.01 sec)
Rows matched: 1  Changed: 1  Warnings: 0

mysql> UPDATE AddressBook
    -> SET name = 'Satyaprakash Singh',
    ->     type = 'Friends'
    -> where first_name ='Satyaprakash';
Query OK, 1 row affected (0.01 sec)
Rows matched: 1  Changed: 1  Warnings: 0

mysql> select * from AddressBook;
+----+--------------+-----------+--------------------+-----------+-------------+--------+--------------+---------------------------+--------------------+----------+
| id | first_name   | last_name | address            | city      | state       | zip    | phone_number | email                     | name               | type     |
+----+--------------+-----------+--------------------+-----------+-------------+--------+--------------+---------------------------+--------------------+----------+
|  1 | Gaurav       | Dhande    | 09 Jay ashtvinayak | Dombivli  | Maharashtra | 421202 | 9619207573   | gpdhande12@gmail.com      | Gaurav Dhande      | Personal |
|  2 | Tejas        | Dhande    | 09 Jay ashtvinayak | Dombivli  | Maharashtra | 421202 | 9773204383   | tpdhande27@gmail.com      | Tejas Dhande       | Family   |
|  4 | Rohit        | Jadhav    | 09 Jay om bldg     | pune      | Maharashtra | 410504 | 7875678797   | jadhavrohit3004@gmail.com | Rohit Jadhav       | Friends  |
|  5 | Satyaprakash | Singh     | dipex kiran        | Prayagraj | UP          | 410507 | 7875722613   | satya24@gmail.com         | Satyaprakash Singh | Friends  |
+----+--------------+-----------+--------------------+-----------+-------------+--------+--------------+---------------------------+--------------------+----------+
4 rows in set (0.00 sec)

mysql>

//UC10
 select * from AddressBook;
+----+--------------+-----------+--------------------+-----------+-------------+--------+--------------+---------------------------+--------------------+----------+
| id | first_name   | last_name | address            | city      | state       | zip    | phone_number | email                     | name               | type     |
+----+--------------+-----------+--------------------+-----------+-------------+--------+--------------+---------------------------+--------------------+----------+
|  1 | Gaurav       | Dhande    | 09 Jay ashtvinayak | Dombivli  | Maharashtra | 421202 | 9619207573   | gpdhande12@gmail.com      | Gaurav Dhande      | Personal |
|  2 | Tejas        | Dhande    | 09 Jay ashtvinayak | Dombivli  | Maharashtra | 421202 | 9773204383   | tpdhande27@gmail.com      | Tejas Dhande       | Family   |
|  4 | Rohit        | Jadhav    | 09 Jay om bldg     | pune      | Maharashtra | 410504 | 7875678797   | jadhavrohit3004@gmail.com | Rohit Jadhav       | Friends  |
|  5 | Satyaprakash | Singh     | dipex kiran        | Prayagraj | UP          | 410507 | 7875722613   | satya24@gmail.com         | Satyaprakash Singh | Friends  |
+----+--------------+-----------+--------------------+-----------+-------------+--------+--------------+---------------------------+--------------------+----------+
4 rows in set (0.00 sec)

mysql> SELECT type, COUNT(*) AS contact_count
    -> FROM AddressBook
    -> WHERE type = 'Friends'
    -> GROUP BY type;
+---------+---------------+
| type    | contact_count |
+---------+---------------+
| Friends |             2 |
+---------+---------------+
1 row in set (0.00 sec)
